[
    {
        "id": "1",
        "title": "Wedding Photography Assistant",
        "description": "Looking for an assistant photographer for a grand wedding ceremony. Must have experience with DSLR cameras and lighting setup.",
        "company": "Ahmedabad",
        "duration": "12",
        "payment": "2000",
        "dressCode": "Formal Black",
        "ageRange": {
            "min": 20,
            "max": 35
        },
        "staffRequired": {
            "male": 2,
            "female": 2
        },
        "additionalRequirements": "Must have own transportation"
    },
    {
        "id": "2",
        "title": "Corporate Event Host",
        "description": "Need an experienced event host for annual corporate meeting. Must be fluent in English and Gujarati.",
        "company": "Surat",
        "duration": "6",
        "payment": "3000",
        "dressCode": "Business Formal",
        "ageRange": {
            "min": 25,
            "max": 40
        },
        "staffRequired": {
            "male": 1,
            "female": 1
        },
        "additionalRequirements": "Previous corporate hosting experience required"
    }
]